first,last,title,company,industry,linkedin_url,person_info,company_info,company_goals,homepage_url,total_funding,latest_round,valuation,key_investors,funding_notes
Arnaud,Zanotti,Director Data Center,CBRE,Cloud Infrastructure & Data Centers,https://www.linkedin.com/in/arnaudztt-director-advisory-services-data-center,"Arnaud Zanotti is a Director of Advisory Services for Data Centers at CBRE, based in France, focused on data center real estate and AI/cloud infrastructure deployment (including build-to-suit and GPU deployment). His background spans B2B sales, business development and solution development across IT, cloud and real estate, having moved from telemarketing and account management roles into the data center advisory space.","CBRE Group (NYSE: CBRE) is a Fortune 500 / S&P 500 company headquartered in Dallas and the world's largest commercial real estate services and investment firm, with more than 155,000 employees serving clients in over 100 countries. Its homepage positions it as 'the global leader in commercial real estate services and investment and a premier provider of critical infrastructure services,' operating through four segments: Advisory, Building Operations & Experience, Project Management and Real Estate Investments.","CBRE is building out data center solutions (site selection, leasing, design-build and facilities management) within its Building Operations & Experience segment, increasingly oriented around AI-driven demand and power constraints (its 'Global Data Center Trends 2026' report headlines power, pricing and AI). It serves occupiers, investors, owners and hyperscalers across every sector and geography, helping clients invest in, plan, lease, build and manage real estate and critical infrastructure.",https://www.cbre.com,Public company,,~$40B+ market cap,,"NYSE-listed (CBRE Group) commercial real estate services firm founded 1906; ~$40.5B FY2025 revenue, not VC-funded."
Patrick,Cooper,"Sr BDE, Hyperscale & Neocloud",Iron Mountain,Cloud Infrastructure & Data Centers,,"Patrick Cooper is a Senior Business Development Executive for Hyperscale & Neocloud at Iron Mountain, a UK/EMEA-based remote role focused on driving revenue growth by securing and managing strategic partnerships with global hyperscale cloud providers and neoclouds. The role centers on developing and executing a hyperscale sales strategy, managing the pipeline and forecasting, and selling Iron Mountain's data center and asset lifecycle management services to the largest cloud companies. No single LinkedIn profile could be confidently disambiguated among many people named Patrick Cooper.","Iron Mountain (NYSE: IRM) is an S&P 500 information management and data center company, trusted by ~95% of the Fortune 1000 and more than 240,000 customers across 60+ countries since 1951. Its homepage spans four core areas: inventory management and logistics (records storage), data center solutions, a digital platform (InSight DXP), and IT asset lifecycle management, with a 97M sq ft real estate footprint and a 1.2 GW+ global data center platform.","Iron Mountain is building out a global colocation data center business (30+ data centers on three continents, 1,300+ customers including major hyperscalers) and AI-readiness offerings, alongside InSight DXP, an AI-powered platform for governing and activating unstructured data, plus ITAD/asset lifecycle management. It targets highly regulated enterprises, hyperscalers, neoclouds, financial services, healthcare, public sector and small businesses seeking secure data infrastructure and information governance.",https://www.ironmountain.com,Public company,,~$35B market cap (NYSE: IRM),,Publicly traded information management/storage REIT (NYSE: IRM); not a venture-funded startup.
Bruno,Teodoro,EMEA Vice President,Mirantis,Cloud Infrastructure & Data Centers,https://www.linkedin.com/in/bruno-teodoro-11b73aa,"Bruno Teodoro was appointed Vice President of Business Development for EMEA at Mirantis (announced April 2026), responsible for expanding the company's market presence and building strategic partnerships across Europe, the Middle East and Africa. He brings extensive EMEA technology experience from prior go-to-market and technology roles at Dell, IBM and Ericsson, with a focus on cloud, infrastructure and telecom and on building partner ecosystems and customer relationships.","Mirantis is a Campbell, California-based software company specializing in cloud-native technologies, Kubernetes management and AI infrastructure. Its platform (including the k0rdent AI platform built on open-source k0s/k0smotron, plus the widely adopted Lens Kubernetes IDE) helps developers and operators build, manage and scale Kubernetes-native infrastructure across any environment, reducing operational complexity for cloud and AI workloads. Mirantis was recently acquired by IREN.","Mirantis is building Kubernetes-native infrastructure and GPU/AI platforms that help service providers, neoclouds and enterprises move beyond GPU leasing to operate scalable, high-margin GPU services on NVIDIA infrastructure (Bare Metal as a Service, multi-cluster Kubernetes, a white-label AI development platform, and governed Lens AI agents). It is pursuing global expansion (notably EMEA) and targets enterprises and service providers running AI training, inference and shared services in production.",https://www.mirantis.com,~$220M (8-9 rounds),"Venture Debt / Line of Credit ~$20M, Sep-Oct 2023","Acquired by IREN for ~$625M (all-stock, May 2026)","Insight Partners, Intel Capital, Goldman Sachs, August Capital, WestSummit Capital, Ericsson, Sapphire Ventures",Cloud-native/Kubernetes infra firm; acquired by AI data-center operator IREN for ~$625M in 2026.
Yann,de Cheffontaines,CEO,Corebridge Infra,Cloud Infrastructure & Data Centers,https://www.linkedin.com/in/yann-de-cheffontaines-520b11146,"Yann de Cheffontaines is listed as CEO of Corebridge Infra, a Paris/France-based executive in the cloud and data center infrastructure space. Public web records on him are thin and partly conflated with entrepreneurial activity around the French e-commerce startup Stockly; the LinkedIn profile provided is the best available match for a Paris-based Yann de Cheffontaines but could not be fully verified against the Corebridge Infra role.","Corebridge Infra appears to be an early-stage / privately held data center and digital infrastructure company in the Cloud Infrastructure & Data Centers space. No official company homepage could be verified via search, and the name is easily confused with two unrelated 'Corebridge' entities (Corebridge Systems, a Paris enterprise telephony/UC software publisher, and Corebridge Financial, the former AIG life-and-annuity insurer), so this description is inferred from the attendee's stated company and industry rather than grounded in a confirmed Corebridge Infra website.","Based on its name and industry classification, Corebridge Infra is positioned to develop, finance or operate data center and cloud infrastructure assets, likely serving enterprises and cloud/AI workloads requiring compute, power and connectivity. Specific products, mission and target customers could not be confirmed from a verifiable primary source; a confirmed company URL or direct outreach would be needed to ground these details.",,Unknown,,,,"No clear startup match; search returns Corebridge Financial (NYSE:CRBG), a large public US retirement/insurance firm merging with Equitable, not an infrastructure startup."
Prabhu,Deva,EMEA Director,BBT BV ( Bytebridge solutions),Cloud Infrastructure & Data Centers,,"Prabhu Deva is listed as EMEA Director for BBT BV (ByteBridge solutions), responsible for the company's data center and IT infrastructure business across Europe, the Middle East and Africa. A specific LinkedIn profile could not be confidently matched (the Prabhu Deva profiles surfaced in search are unrelated software engineers in India), so the LinkedIn field is left blank pending verification.","ByteBridge (operating as BBT BV in EMEA; bytebt.com) is a global one-stop IT solutions provider founded in Silicon Valley, with entities and service locations across six continents. Its homepage describes comprehensive data center, IT infrastructure and unified communications solutions, with data center offerings spanning electrical, thermal management, connectivity, physical infrastructure and security, plus cloud integration and managed/professional services.","Guided by its vision 'Bridging Visions, Shaping Futures' and mission to 'empower every organization to easily access technology globally and achieve more,' ByteBridge is building AI-driven and HPC-ready data center infrastructure (led by its VP of Data Center Engineering & Services) along with cloud migration, multi-cloud management, connectivity and security solutions. It targets enterprises and international companies needing scalable, secure data center, cloud and unified-communications infrastructure worldwide.",https://www.bytebt.com,Unknown,,,,"Ambiguous name; the data-center/IT-solutions ByteBridge is listed as unfunded by Tracxn/Getlatka, no disclosed funding found."
Eugene,Hector,Founder,Greenius -AI,Healthcare & Life Sciences,,"Eugene Hector is the founder of Greenius (greenius.ai), an early-stage AI startup. No detailed public LinkedIn profile surfaced under this name, but he is associated with founding/building Greenius as a sustainability-focused AI venture; the company appears in the orbit of the Tonomus Venture Studio (NEOM's AI/tech venture-building arm).","Greenius is an early-stage AI company whose homepage positions it around the tagline 'Sustainable AI for Tomorrow.' Per LinkedIn it is an incubated company tied to the Tonomus Venture Studio and is described as focused on sustainable AI, with a very small (1-10 person) team. Public detail on the company is still thin, consistent with an early/stealth-stage startup.","The core idea is building AI that is sustainable and forward-looking ('Sustainable AI for Tomorrow'), suggesting AI products/services designed with environmental efficiency and responsible deployment in mind. Concrete product details and target customers are not yet publicly disclosed on the homepage, which currently functions mainly as a brand/contact landing page for an emerging venture.",https://greenius.ai,Not disclosed,,,Tonomus Venture Studio (incubator),"Ambiguous name; likely Greenius.ai, a NEOM/Tonomus-incubated sustainable-AI startup (1-10 employees, founded 2024); no funding disclosed. Several unrelated 'Greenius' firms exist (landscaping SaaS, Italian energy, German LED)."
Nick,Malone,Principal,Protagonist,Venture Capital & Private Equity,https://www.linkedin.com/in/njmalone26/,"Nicholas (Nick) Malone is a Principal at Protagonist, an early-stage venture capital firm. He is active in the early-stage/emerging-tech VC community (a co-organizer of 'The Principal Club,' a space for VC Principals) and sources and supports founders across the firm's software, AI, fintech, consumer, and web3 focus areas.","Protagonist is an early-stage (pre-seed through Series A) venture capital firm, founded in 2022 and based in the Miami/Bay Harbor Islands area, that backs ambitious founders building emerging-technology businesses. It was co-founded by serial entrepreneurs including George Bousis (founder of Raise) and Harry Hurst, and invests across software, AI, fintech, consumer, and web3/blockchain.","Protagonist sells capital plus hands-on operator support - leading and co-leading early rounds and writing initial 'scout checks,' then guiding founders through fundraising, business development, product, talent, and scaling. Its thesis has evolved from a crypto-native fund into a multi-sector emerging-tech investor, and it has backed companies such as xAI, Tenstorrent, Epirus, Exowatt, Sentient, and Halcyon. It targets exceptional, prolific founders and aims to be their first institutional partner.",https://www.protagonist.xyz,$100M (fund size),"Debut fund, $100M, 2022",,,"Early-stage crypto VC fund/incubator (founded 2022) that raised a $100M debut fund; it is an investor, not an operating startup."
Shana,Inch,GTM Director,ElevenLabs,Artificial Intelligence & Machine Learning,https://www.linkedin.com/in/inch-shana/,"Shana Inch is a GTM (go-to-market) Director at ElevenLabs, focused on EMEA, where she helps drive sales and demand generation for the company's AI audio products across Europe. She is UK-based, holds an MSc in International Management (China) from SOAS University of London, and previously worked in business development/capital raising at Connor, Clark & Lunn Financial Group and Amber Capital.","ElevenLabs is an AI research and product company (founded 2022 by Piotr Dabkowski and Mati Staniszewski) transforming how people interact with technology, starting with the first human-like AI voice model and now expanding beyond voice. Its vision is to make communication and creation with technology seamless, and it has scaled rapidly - crossing $500M ARR and raising a $500M Series D at an ~$11B valuation, backed by Sequoia, a16z, ICONIQ, NVIDIA, and others.","ElevenLabs builds three platforms: ElevenAgents (deploy reliable voice and chat AI agents at enterprise scale), ElevenCreative (generate and edit speech, music, image, and video across 70+ languages for creators and marketers), and ElevenAPI (foundational AI audio models for developers). It serves enterprises, developers, creators, and prosumers across media/entertainment, publishing, education, healthcare, and customer support, with a strong emphasis on AI safety and accessibility, working toward voice as a primary interface for technology.",https://elevenlabs.io,~$640M+,"$500M (round led by Sequoia), Feb 2026",$11B (Feb 2026),"Sequoia Capital, Andreessen Horowitz, ICONIQ",AI voice startup; valuation tripled from $3.3B (early 2025) to $11B; ~$200M+ ARR.
Craig,Kaplan,EVP,Zenlayer,Cloud Infrastructure & Data Centers,https://www.linkedin.com/in/craigkaplan/,"Craig 'Kap' Kaplan is EVP of Business Growth (Americas & EMEA) at Zenlayer, having joined in 2023 as SVP of Sales to expand enterprise outreach, partnerships, and revenue. He brings 20-25+ years in tech and telecom - notably scaling Edgecast Networks from $0 to $100M ARR through its Verizon Digital Media acquisition - plus roles at Virbela and as a GTM/CEO advisor; he holds a degree from UCLA.","Zenlayer, founded in 2014 by Joe Zhu, is a massively distributed edge/'hyperconnected' cloud platform now positioning itself as 'the distributed cloud for AI.' It operates 250+ points of presence across six continents (with deep strength in emerging markets like India, China, Southeast Asia, and South America), reaching ~85% of the world's internet population in under 25ms via 10,000+ peering sessions and 130+ Tbps of capacity.","Zenlayer sells on-demand global infrastructure - bare metal cloud, cloud networking/Cloud WAN, edge computing, IP transit, Fabric Port connectivity, and colocation - provisioned instantly via its zenConsole, APIs, or Terraform. It is increasingly focused on AI workloads (e.g., AI Gateway and Distributed Inference), helping enterprises and AI innovators deploy, connect, and accelerate mission-critical and AI applications globally with ultra-low latency, especially in hard-to-reach emerging markets.",https://www.zenlayer.com,~$90M-$102M,"Series C-II, $12M, Dec 27 2021 (largest: $50M Series C, May 2021)",Not disclosed,"Anatole Investment, Prospect Avenue Capital, Volcanics Venture, MDI Ventures, F&G Venture, Forebright Capital, NSFOCUS",Edge cloud/data center provider; total cited ~$90M (company) to $102M (CBInsights) over 4 rounds.
Joyce,Chan,Marketing Manager,Hong Kong Trade Development Council,Government & Public Sector,https://www.linkedin.com/in/joyce-chan-2b335485,"Joyce Chan is a marketing professional at the Hong Kong Trade Development Council (HKTDC), working in marketing/market promotion. (Multiple 'Joyce Chan' profiles are associated with HKTDC; the on-file profile corresponds to a long-tenured marketing role supporting the Council's trade-promotion and event marketing activities.)","The Hong Kong Trade Development Council (HKTDC) is a statutory body established in 1966 to promote, assist, and develop Hong Kong's trade. With over 50 offices globally (including 13 in mainland China), it promotes Hong Kong as a two-way global investment and business hub and supports companies - particularly SMEs - in connecting to mainland and international markets.","HKTDC's 'offering' is trade promotion and business facilitation: it organizes major international exhibitions, conferences, and business missions to create deal-making opportunities, and provides up-to-date market intelligence and product information through trade publications, research reports, and digital news channels. Its core users are Hong Kong and overseas businesses (especially SMEs) seeking market access, partners, and exposure, working toward strengthening Hong Kong's role as a global trade and investment gateway.",https://www.hktdc.com,Government body,,,,"Statutory/government body established in 1966 to promote Hong Kong trade; funded by the HK government, not venture-backed."
Bruno,Quemener,Ceo,innovfast innovation by AI,Artificial Intelligence & Machine Learning,https://www.linkedin.com/in/quemener-bruno,"Bruno Quemener is the founder and CEO (PDG) of InnovFast, based in Rennes, France. He previously led digital innovation and information systems at major international groups including Delta Dore, Sagemcom and Playmobil, and founded the digital-transformation accelerator Move2.digital. He brings deep experience in helping marketing, innovation and strategy leaders make faster, evidence-based decisions.","InnovFast (by Move2.digital) is an AI-powered market-intelligence and decision-support platform that turns market, competitor and customer data into immediately actionable strategic decisions. The homepage positions it as 'the first AI platform that transforms innovation processes by integrating agility and customer needs at every step,' offering market studies in under 30 minutes, AI-augmented ideation, and rapid concept validation using synthetic personas.","InnovFast is building an agentic AI 'Decision and Market Intelligence' platform with an Evidence Graph for traceable decisions and H1/H2/H3 strategic prioritization, aiming to help companies innovate roughly 10x faster, reduce product-investment risk and halve time-to-market. It serves SMEs, mid-caps and large groups (B2B and B2C) across sectors like banking/insurance, energy, retail, mobility, luxury and industry, targeting innovation, marketing, strategy, product and R&D directors.",https://innovfast.move2.digital/,Unknown,,,,Early-stage AI innovation co-pilot platform ('innovate 10x faster'); no funding rounds found in search results.
Matthew,Wise,Global AI Deployment Director,TecEx,Cloud Infrastructure & Data Centers,https://www.linkedin.com/in/matthew-wise3,"Matthew Wise is Global AI Infrastructure Deployment Director at TecEx, where he focuses on enabling cross-border deployment of AI and data-center hardware. Based in the Cape Town area (TecEx's home market), he works within the company's trade-compliance and global-deployment organization. His role centers on helping enterprises move tech hardware into the 200+ markets TecEx services, in full regulatory compliance.","TecEx is a global trade-compliance specialist and the market leader in Importer of Record (IOR) solutions for the technology supply chain, grounded by its homepage tagline 'Tech Hardware Clearing Customs Globally.' It removes barriers to trade by handling customs compliance, HS-code classification and the import/export of tech hardware to more than 200 destinations. The company reports 75,000+ successful shipments across 211 borders and 23 industries.","TecEx sells Importer of Record (IOR), Exporter of Record (EOR), Delivered Duty Paid (DDP), trade-compliance, liability cover, VAT recovery and reverse-logistics (RMA) services, plus a shipping portal for instant quotes and real-time tracking. It is increasingly focused on AI infrastructure and data-center deployment, helping enterprises and hyperscalers ship sensitive tech gear globally without local entities, derisking and streamlining their supply chains.",https://www.tecex.com,Not disclosed,,,,Bootstrapped global Importer-of-Record/customs-compliance firm (~$68.6M 2026 revenue); no disclosed external funding rounds.
Davide,Petrillo,CEO,Aevra,Artificial Intelligence & Machine Learning,https://www.linkedin.com/in/davide-petrillo-1652a4235,"Davide Petrillo is the founder/CEO of Aevra, based in Reykjavík, Iceland. His background spans venture and startup roles, including Venture Partner at the deep-tech investor Scientifica, where he sourced and assessed early-stage AI and IT ventures, plus prior experience at ALTEN and the Erasmus for Young Entrepreneurs program. He combines startup-scouting experience with hands-on technical training (web development, Agile/Scrum).","Aevra (aevra.ai) is an early-stage, AI-powered software company for the dental industry, described on its homepage as automating treatment presentations and increasing case acceptance for dental practices. Its platform takes clinical notes and intraoral photos, suggests ADA/CDT procedure codes, generates AI 'after' treatment visualizations, computes cost/insurance estimates and runs a patient portal with an AI chatbot and automated follow-ups. It is HIPAA-ready with a SOC 2 roadmap and is currently in beta ('Coming Soon').","Aevra is building an end-to-end 'automation cycle' that guides dental patients from diagnosis to confirmed booking—boosting case acceptance and practice revenue—and integrates with practice-management (Dentrix, Eaglesoft, Open Dental, Curve), cloud platforms (Carestack, Planet DDS, Tab32) and AI imaging tools (Pearl, Overjet, VideaHealth). It targets modern dental clinics from single practices to multi-clinic groups, aiming for enterprise-grade compliance and fast (weeks-not-quarters) rollout.",https://www.aevra.ai,Unknown,,,,"No clear company named exactly 'Aevra' found; results matched similarly-named firms (Avrea, Aeva, Avenira) - likely ambiguous or very early-stage/stealth."
Miguel angel,Gonzalez,"Sales, Marketing and Comms Director",Quetta Data Centeta,Cloud Infrastructure & Data Centers,https://www.linkedin.com/in/miguel-angel-gonzalez-ezquerra-90b6471/,"Miguel Angel Gonzalez Ezquerra is the Sales, Marketing and Communications (Business Unit) Director at Quetta Data Centers, based in the Greater Madrid area. He is a commercial leader with more than 20 years of experience, including a background in FMCG, and studied at Universidad Pontificia Comillas. At Quetta he leads go-to-market and brand efforts as the company builds out its Iberian edge/AI data-center network.","Quetta Data Centers is a Spanish edge and AI data-center platform created by fund manager Azora in collaboration with Core Tech Capital, headquartered in Madrid. Its homepage frames the Iberian Peninsula as a strategic digital hub with abundant renewable energy and sub-60ms submarine-cable connectivity to five continents, and positions Quetta as a sustainable, proximity-based alternative to large hyperscale campuses. Its facilities are designed for AI workloads with advanced (closed-loop liquid / DLC) cooling, zero net water use and very low PUE.","Quetta is building a network of six eco-efficient edge data centers across Spain and Portugal (60 MW total, 500M-euro-plus investment), with flagship sites in Tres Cantos (Madrid, doubled to 20 MW) and Molins de Rei (Barcelona). It targets low-latency, high-density use cases—AI, IoT, gaming, streaming and autonomous driving—offering up to ~600kW per rack on direct liquid cooling, 100% renewable energy, WUE 0 and PUE below 1.15, serving both retail and hyperscale operators needing proximity capacity.",https://www.quetta.eu/en/,~$546.85M (>EUR500M platform commitment),"Unattributed, $546.85M, Feb 7 2024",Not disclosed,"Azora, Core Capital (Core Tech Capital)",Spanish edge/AI data center platform (Quetta Data Centers) launched 2024 by Azora with Core Capital; >EUR500M to build six Iberian data centers.
Nicholas,Rubens,Founder,Ancoran,Cloud Infrastructure & Data Centers,,"Nicholas Rubens is listed as the Founder of Ancoran, a company tagged in the cloud-infrastructure / data-center space. Public search returned no confirmed LinkedIn profile or biographical detail that can be reliably matched to this specific Nicholas Rubens, so his career background could not be verified. (Several unrelated 'Nicholas/Nicolas Rubens' profiles exist but none could be tied to Ancoran.)","No official website or verifiable company information could be found for Ancoran. Unrestricted web searches surfaced only unrelated results (a video-game character and a Galician verb form), suggesting Ancoran is a very early-stage, pre-launch or stealth company with no public web footprint at this time. Based on the conference data, it operates in the Cloud Infrastructure & Data Centers space.","Company goals could not be grounded in any public source. Given its Cloud Infrastructure & Data Centers classification, Ancoran is presumably building or providing cloud/data-center infrastructure, but no products, mission, target customers or use cases could be confirmed from available web sources.",,Unknown,,,,"No reliable funding data found for an entity named exactly 'Ancoran'; search returned unrelated companies (Ancora, Ankored, Anrok)."
Alex,Webb,Sales Director - New Business,Stellanor Datacenters,Cloud Infrastructure & Data Centers,https://www.linkedin.com/in/alexwebb4d,"Alex Webb is Sales Director for New Business at Stellanor Datacenters, where he drives commercial growth for the company's UK colocation portfolio. He joined Stellanor through its acquisition of Redcentric's data centre business, having previously worked on the sell-side of that deal at Redcentric. His background is in data centre and connectivity sales across the UK market.","Stellanor Datacenters is a UK-based, DWS-backed data centre operator launched in 2025 that delivers sustainable regional colocation services for enterprises, IT and managed cloud service providers, and public/government organisations. Per its homepage, it offers colocation, carrier-neutral connectivity, and migration/hybrid-cloud services from facilities running on 100% green energy with 24/7 support. It now operates around 10-12 sites across the UK (London, Cambridge, Gatwick, Reading, Woking, West Yorkshire and more) after acquiring eight data centres from Redcentric and earlier assets from Colt.","Stellanor is building a new generation of regional, edge-focused, AI-ready data centres positioned for proximity, performance, sustainability and accessibility. It aims to become the leading platform of regional data centres serving national and international enterprises and service providers needing wholesale and AI inference capacity, with planned expansion across the UK and the Nordics. Its customers are enterprises, cloud/managed service providers, academic institutions and public-sector bodies who choose their own connectivity providers and value sovereign, green, low-latency infrastructure.",https://www.stellanordatacenters.com/,"Backed by DWS (institutional, amount not disclosed)","Acquisition financing (8 data centres from Redcentric), up to GBP127M enterprise value, completed May 2026",,DWS Group (infrastructure fund),"Not a VC-funded startup; UK urban data centre platform launched 2025, capitalized via DWS-managed infrastructure fund; grew 2 to 11 sites via acquisitions."
Jianhe,Liao,Principal AI Advisor,Bitdeer Inc.,Cloud Infrastructure & Data Centers,,"Jianhe Liao serves as Principal AI Advisor at Bitdeer, advising on the company's expansion into AI cloud and high-performance computing. The role sits within Bitdeer's AI organization, which spans its AI Cloud business and frontier Bitdeer AI Lab. (No definitive public LinkedIn profile was confirmed; this individual is distinct from Bitdeer's departing CFO Jianchun Liu.)","Bitdeer Technologies Group (NASDAQ: BTDR) is a Singapore-headquartered, vertically integrated technology company for Bitcoin mining and AI/high-performance computing. Per its homepage, it spans the full value chain: in-house IC design and SEALMINER mining-rig manufacturing, data center construction and operations, cloud mining, and a fully integrated AI cloud. Its AI cloud is powered by thousands of NVIDIA GPUs (GB200 NVL72, B200, H200/H100, and upcoming GB300/B300) delivering compute for model training, inference and scaling.","Bitdeer is building out a global AI infrastructure footprint, expanding from Southeast Asia into the US and Norway, while continuing to scale its self-mining hashrate and SEALMINER hardware sales. It is increasingly converting and repurposing its roughly 3 GW global power capacity (US, Norway, Bhutan, Canada, Malaysia, Ethiopia) toward AI cloud and colocation workloads. It serves Bitcoin miners (retail and institutional), hosting customers, and AI/ML developers needing turnkey GPU compute, positioning compute, energy and chip design as one integrated platform for the AI era.",https://www.bitdeer.com/,Public company,"$400M convertible notes + $149M equity offering, Nov 2025",,"Tether (~25% stake, $100M+), Cantor Fitzgerald","Nasdaq-listed (BTDR) Bitcoin mining/HPC firm; went public via 2023 SPAC; funds growth via convertible note raises ($150M 2024, $360M 2024, $330M Jun 2025) plus Tether placement."
Stephen,Smith,Director,vCluster,Cloud Infrastructure & Data Centers,,"Stephen Smith is a Director at vCluster (vCluster Labs, formerly Loft Labs), the company behind the open-source vCluster virtual Kubernetes project. In a director-level commercial/go-to-market capacity he supports the company's enterprise and AI-cloud customers adopting virtual Kubernetes clusters. (No single confirmed public LinkedIn profile was isolated for this exact individual.)","vCluster (vCluster Labs / Loft Labs, San Francisco) builds the open-source vCluster technology that lets engineers spin up fully functional, isolated virtual Kubernetes clusters that run inside a namespace of an underlying cluster or on dedicated/bare-metal infrastructure. Per its homepage, each tenant gets its own API server, CRDs and RBAC with a cluster experience indistinguishable from a dedicated Kubernetes cluster, virtualizing the control plane for strong multi-tenant isolation. The project is a CNCF-certified Kubernetes distribution with tens of millions of virtual clusters created and adoption by NVIDIA, Adobe, CoreWeave, JPMorganChase and 50+ GPU clouds.","vCluster aims to give every tenant their own isolated Kubernetes cluster and let operators run Kubernetes 'like a hyperscaler,' targeting AI cloud providers, enterprise AI factories, sovereign clouds, and multi-cloud platform teams. It is building out related products (vNode for runtime isolation, vMetal to turn GPU racks into a cloud platform, managed Slurm) to provide a complete foundation for production AI infrastructure and 100K-GPU superclusters. Core use cases include per-customer tenant clusters for software vendors, isolated GPU environments per ML team, cost consolidation/sleep mode, and hybrid Kubernetes standardization across EKS/GKE/AKS and bare metal.",https://www.vcluster.com/,$28.6M,"Series A $24M, Apr 2024",,"Khosla Ventures, Fusion Fund, Surface Ventures, Emergent Ventures, Berkeley SkyDeck Fund",Operated by Loft Labs; creators of open-source virtual Kubernetes clusters (vCluster).
Jonathan,Taylor,"Associate Director, Commercial",IREN,Cloud Infrastructure & Data Centers,https://www.linkedin.com/in/jonathanbentleytaylor/,"Jonathan Taylor is Associate Director, Commercial at IREN, based in the San Francisco Bay Area, where he works on the commercial side of the company's vertically integrated AI Cloud and data center business. He recently joined IREN after an 11-year career at Kearney, with earlier experience at McKinsey & Company and Gap Inc., and holds an MBA from Stanford Graduate School of Business. He describes himself as a seasoned executive in energy, infrastructure and emerging technology.","IREN Limited (NASDAQ: IREN; formerly Iris Energy, founded 2018, Sydney) operates next-generation, 100% renewable-powered data centers purpose-built for AI, high-performance computing and Bitcoin mining. Per its homepage, it owns and operates its electrical infrastructure and facilities end-to-end, offering AI Cloud (GPU clusters on NVIDIA reference architecture), colocation and build-to-suit infrastructure. It runs six North American sites (British Columbia and Texas, plus Oklahoma in development) with about 810 MW operational and ~5 GW of power secured.","IREN is rapidly transforming from a Bitcoin miner into a major AI data center player, building grid-connected, power-dense, renewable-powered capacity and scaling its GPU fleet (expanding toward 150,000 GPUs with NVIDIA B300 systems) under major contracts including Nvidia and Microsoft. It is expanding aggressively, including the 2,000 MW Sweetwater (Texas) and Oklahoma campuses and international moves such as Spain (Nostrum) and Australia (Bundey). It serves AI labs and enterprises needing fast, scalable GPU compute, plus customers wanting turnkey data centers or build-to-suit AI-ready facilities, differentiating on vertical integration and construction discipline.",https://iren.com/,Public company (~$9.7B raised incl. equity/debt),NASDAQ-listed (IPO Nov 2021); ongoing ATM/equity & GPU financing,"Public; market cap ~$2.5B (Dec 2024), higher in 2025-26",Public/institutional investors; NYDIG (equipment financing),Formerly Iris Energy; NASDAQ:IREN Bitcoin miner pivoting to AI cloud; FY2025 revenue $501M; $9.7B Microsoft AI cloud contract.
Guillaume,Levy,COO,Antemeta,Artificial Intelligence & Machine Learning,https://www.linkedin.com/in/guillaume-l%C3%A9vy-51a5116a/,"Guillaume Levy is Chief Operating Officer (Directeur des operations) at AntemetA, based in the greater Paris region, where he leads operations for the French cloud and IT services group. He joined AntemetA after about seven years at OVHcloud and earlier involvement with Time for the Planet, and holds an MBA from the Conservatoire National des Arts et Metiers. He is publicly active around AntemetA's sovereign-cloud and cyber-resilience messaging (data hosted exclusively in France, DORA/NIS2/GDPR compliance).","AntemetA is a French private managed cloud and on-premises IT services provider, founded in 1995 and headquartered in Guyancourt, France, with operations in France and Morocco. Per its homepage, it organizes its expertise around five pillars: network, infrastructure, cybersecurity, data management, and platforms & solutions (including SAP). It runs ISO 27001 / HDS / ISAE 3402-certified data centers in France and is recognized by Gartner as a representative vendor for managed Backup-as-a-Service, serving clients such as Alten, Engie IT, Wolters Kluwer and Groupe Beaumanoir.","AntemetA is building out sovereign, secure French cloud offerings centered on data protection, cyber-resilience and disaster recovery, with a focus on regulatory compliance (GDPR, NIS2, DORA, CRA) and data hosted exclusively in France. It delivers managed services such as Backup-as-a-Service, mutualized SOC, automated/disaster-recovery cloud (e.g. on HPE GreenLake) and SAP-as-a-Service, increasingly augmented with AI for threat detection. Its target customers are mid-to-large French and European enterprises and public institutions seeking proximity, sovereignty, security and outsourced management of critical IT infrastructure.",https://www.antemeta.fr/,Not disclosed,,,,Established French IT infrastructure/cloud SME founded 1995 (~300 employees); privately held with no disclosed venture funding.
Michael,Dippenaar,Director,TecEx,Supply Chain,https://www.linkedin.com/in/michael-dippenaar-0ab55839,"Michael Dippenaar is Global Sales & Client Success Director at TecEx (with the company since 2020, in the director role since Jan 2022), where he helps enterprise clients navigate cross-border IT procurement, VAT, logistics and compliance and has played a key role in closing technology deals exceeding $950M. He is an admitted Attorney of the High Court of South Africa with a BCom in Law and Economics and an LLB from the University of Johannesburg, and his earlier career spanned top law firms (Hogan Lovells, Cliffe Dekker Hofmeyr) and in-house legal counsel at Discovery. Based in Johannesburg, he also co-founded and scaled an international photographic safari company.","TecEx is a global trade-compliance specialist and the market leader in Importer of Record (IOR) and Exporter of Record (EOR) solutions for the technology hardware supply chain. Per its homepage, it removes barriers to trade by handling customs clearance, HS-code classification, regulatory compliance and delivered-duty-paid (DDP) door-to-door logistics so companies can move IT and networking gear across borders to 200+ destinations without a local entity. The company has completed 75,000+ shipments across 211 borders and serves 23 industries.","TecEx is building out a single-point-of-contact, technology-enabled trade platform (its TecEx App for instant quotes, shipment tracking and a partner portal) plus value-adds like liability cover, VAT recovery and return-merchandise authorization to derisk and streamline global tech rollouts. It targets enterprises deploying high-value, mission-critical IT, GPU and cloud/data-center hardware globally, and is expanding into emerging digital markets such as East African data centers. The goal is hassle-free, fully compliant global deployment for any business shipping tech hardware.",https://tecex.com/,Not disclosed,,,,Bootstrapped global Importer-of-Record/customs-compliance firm (~$68.6M 2026 revenue); no disclosed external funding rounds.
Moshe,Tanach,CEO,NeuReality,Cloud Infrastructure & Data Centers,https://linkedin.com/in/moshe-tanach-9274a03,"Moshe Tanach is the founder and CEO of NeuReality, which he started in Sep 2018 to design next-generation AI inference infrastructure. He is a semiconductor and systems veteran with prior senior architecture and R&D leadership roles at Marvell (Director of Architecture/ASIC), Intel (WiFi/Bluetooth product line director), DesignArt Networks and Siano Mobile Silicon, and holds a B.Sc. from the Technion. He is based in Israel and describes himself as an entrepreneur and a dreamer.","NeuReality is an AI infrastructure-optimization company focused on production AI inference at scale. Per its homepage, it helps AI infrastructure teams maximize GPU/XPU throughput, reduce latency and lower cost per token, framing modern AI deployments as 'token factories.' Its core products are NR-NEXUS (an 'Inference OS' that orchestrates, routes, optimizes, monitors and governs inference across models, runtimes, tenants and heterogeneous compute), the NR2 AI-SuperNIC networking silicon, and an AI-CPU that combines compute, networking and orchestration on a single chip.","NeuReality is building the software and silicon stack to turn fragmented inference into governed production capacity, improving utilization, protecting SLOs and cutting cost-per-token without locking customers into one accelerator, cloud, model or serving framework. It offers NR-NEXUS via serverless API, managed deployment, or annual license, and its NR2 AI-SuperNIC (1.6 Tbps, ultra-low latency, UEC support) targets scale-out GPU/XPU clusters and giga-factories. Customers are AI infrastructure operators, neoclouds, and platform/enterprise teams running large-scale production inference.",https://www.neureality.ai/,~$64-70M,"Series A-II, $20M, March 2024",~$86.7M (last disclosed) to ~$175M enterprise value (varies by source),"OurCrowd, Varana Capital, Cardumen Capital, SK Hynix, Xilinx, European Innovation Council (EIC)",Israeli AI inference/datacenter chip startup (founded 2019); total funding cited as $63M-$70M across sources.
Anna,Grigoryeva,SVP,PSG Equity,Venture Capital & Private Equity,https://www.linkedin.com/in/aegrigoryeva/,"Anna Grigoryeva is a Senior Vice President at PSG Equity (since Nov 2020), based in London, focused on early and growth-stage B2B technology investments across Europe, the US and Israel. Her deals include Frisbii (ex Billwerk), Visualfabriq, Commbox, Whoz, ZeroNorth, N2F (exited to FTV Capital), Hostaway, Corilus and Emotion Mobility. Originally from Portland, Oregon (BSc, University of Oregon), she previously invested at Karma Ventures and worked in portfolio operations at Project A Ventures, with board-observer roles at Infermedica and Minut.","PSG Equity is a growth equity firm that partners with middle-market and growth-stage software and technology-enabled services companies, investing across Europe, the US and Israel with roughly $30bn in AUM. Per its homepage, the firm positions itself on operational experience in the growth-stage software space, helping companies at their inflection point scale through a 'tried and tested growth engine.' Portfolio companies span IT monitoring (LogicMonitor), cybersecurity (Hornetsecurity, Glasswall), GRC (Protecht, CENTRL), healthcare software (Ensora Health) and fintech (SavvyMoney).","PSG is working to identify and scale leading software businesses, deploying capital plus operational and strategic support (including M&A roll-ups and international expansion) to help them unlock growth, expansion and impact. It serves founders and management teams of B2B software and tech-enabled-services companies, typically at the growth inflection point, and recently raised PSG Europe II at over EUR 2.6bn to invest exclusively in European software. It markets itself as a founder-friendly, collaborative partner for sustained scaling.",https://psgequity.com/,Over $28B AUM,"Closed two funds totaling $8B (PSG VI $6B + PSG Sequel $2B), Feb 2025",,"LPs: CPP Investments, GIC, StepStone, Hamilton Lane","Growth equity firm (founded 2014); these are fund commitments it manages, not capital it raised as a startup."
Phil,Sheaff,Account Executive,Netris inc,Cloud Infrastructure & Data Centers,https://www.linkedin.com/in/sheaff/,"Phil Sheaff is an Account Executive (and solutions-oriented technical seller) at Netris, based in the Greater Asheville, NC area, where he focuses on selling the company's AI cloud networking platform to neocloud and AI infrastructure operators. He brings 15+ years in IT as a senior network engineer (including a prior role at Dell Technologies) and is a Cisco Certified Network Associate (CCNA). Earlier in his career he ran his own network-engineering and audio/video consultancy and worked as a music producer, holding a BA in Music Synthesis from Berklee College of Music.","Netris (Netris, Inc., founded 2017, HQ Santa Clara, CA) is a software company that provides the leading network automation and multi-tenancy platform for AI cloud and GPU infrastructure operators. Per its homepage, Netris is the foundational, cloud-provider-grade networking layer across the entire AI stack (Ethernet, InfiniBand, NVLink, DPUs, virtual and edge networking), giving operators AWS-style abstractions (VPCs, elastic IPs, load balancers) plus hardware-level multi-tenancy and isolation. Engineers define the desired end state and Netris auto-configures VRFs, VXLANs, BGP and more in under two minutes with closed-loop assurance.","Netris's mission is to 'turn GPUs into revenue' by removing the networking bottleneck for AI clouds, letting operators launch GPU clouds in weeks, onboard tenants in minutes with hard isolation, maximize GPU utilization and avoid building fragile in-house automation. It serves neoclouds, NVIDIA Cloud Partners, AI factories, sovereign AI operators and enterprises, partnering with NVIDIA, HPE, Mirantis, Rafay, Spectro Cloud and vCluster. The company reports rapid growth (800% ARR, 20+ live deployments) and recently raised a Series A led by Andreessen Horowitz to accelerate adoption worldwide.",https://netris.io/,~$21M (under $6M before Series A),"Series A $15M, Jun 25 2026",,"Andreessen Horowitz (a16z, lead), Berkeley SkyDeck, Alumni Ventures, AAL Management",Network automation/multi-tenancy for AI infrastructure; a16z-led Series A after 800% ARR growth.
Majid,Yazdani,Co-founder & CEO,Leeroo,Artificial Intelligence & Machine Learning,https://www.linkedin.com/in/majid-yazdani-a9032011,"Majid Yazdani is co-founder and CEO of Leeroo (since Aug 2023), a London-based, YC-backed AI startup. He is an AI researcher and engineer whose goal is to model intelligence and make high-quality AI accessible, and was previously a staff scientist at Meta AI (co-developing 'Neural Databases') and at LinkedIn AI (content understanding and economic-graph representation learning), with earlier roles spanning VP at BYJU'S, the University of Geneva and the Idiap Research Institute. He holds a PhD from EPFL.","Leeroo is a YC-backed (S25) AI company based in London building Uniforge, an autonomous platform that builds enterprise context for AI agents. Per its homepage, Uniforge connects fragmented enterprise data (CRM, billing, ticketing, communications, data warehouses) and autonomously resolves entity identities, discovers relationships, enriches from the web, ensures data quality and builds ML models so AI agents stop hallucinating on partial, disconnected data. It also extracts operational knowledge (processes, rules, service definitions, team responsibilities) into a structured, queryable knowledge graph and runs inside the customer's own cloud (AWS, Azure or GCP).","Leeroo is building the 'context layer for the AI era,' aiming to deliver complete, current enterprise context (entity resolution, data quality and ML models like churn, fraud and cross-sell) in days rather than months and without a dedicated data team. Its go-to-market starts with a free 48-hour data audit, then a managed setup that stays continuously up to date. It targets enterprises and data/AI teams, with early pilots in banking, finance and healthcare where data sovereignty and on-prem/in-VPC deployment matter.",https://leeroo.com/,"Not disclosed (Pre-Seed, amount undisclosed)","Pre-Seed, undisclosed, Dec 4 2024",~$2M (disclosed estimate),Y Combinator,"London-based YC-backed AI agents startup (founded 2024); only a pre-seed round, amount not publicly disclosed."
Richard,Wang,"Co-founder, CFO",DensityAI,Cloud Infrastructure & Data Centers,https://www.linkedin.com/in/rwangsf/,"Richard Wang is co-founder and CFO of DensityAI, an AI hardware startup founded by alumni of Tesla's Dojo supercomputer program. A Stanford Graduate School of Business alum based in the San Francisco Bay Area, his background is in finance and investing, with prior roles at Tenzing Global Investors, Sculptor Capital Management, The Pritzker Organization and Millennium.","DensityAI is building a new generation of AI accelerators around a novel near-memory compute architecture aimed specifically at frontier-scale large language model inference. Its homepage explains the chip combines the near-memory compute topology of SRAM designs with the density of HBM, with the goal of beating GPUs on both energy and speed for large-model, long-context workloads. The company is designing a full-stack solution from silicon to rack to software, and is based in Mountain View, CA.","DensityAI is engineering the die, package and system layers together to push past the memory wall, targeting compute utilization of 90%+ versus roughly 7% on HBM GPUs. It is selling the world's fastest inference compute platform for frontier models to operators of large-scale AI/datacenter inference, and is hiring across silicon, packaging, networking and software as it scales out of stealth.",https://www.densityai.com/,Not disclosed,Stealth / early-stage (2025); amount not disclosed,,,"AI-accelerator/datacenter startup founded 2025 by ex-Tesla Dojo lead Ganesh Venkataramanan and ~20 ex-Dojo engineers; still in stealth, funding not publicly disclosed."
Darin,Verheijke,Head of Developer Relations,Featherless AI,Artificial Intelligence & Machine Learning,https://www.linkedin.com/in/darin-verheijke-71631613b,"Darin Verheijke leads Developer Relations at Featherless AI, where he evangelizes the platform to developers and speaks at AI events (e.g. GenAI Zurich 2026, where he gave the talk 'Why Specialized Models Will Always Matter'). Based in Belgium and educated at Universiteit Antwerpen, he is an active community-facing voice on the economics of moving teams from frontier models toward smaller, purpose-built specialized models.","Featherless AI is a serverless AI inference platform whose goal is to make every open-weight model available for instant, serverless inference. Per its homepage and docs, it offers one-click access to 30,000+ open-source models (Llama, Qwen, Mistral, DeepSeek, GLM, RWKV and more) via API with no infrastructure to manage, and is an official inference provider on Hugging Face.","Featherless is building toward democratizing AI by making the world's largest open-model catalog accessible without managing infrastructure, token limits or cost creep, offering serverless inference plus agent runtimes. It targets developers, creators, role-play/creative-writing users and businesses scaling production AI apps, and markets dramatically lower inference costs (over 10x cheaper) along with research into non-transformer architectures and reliable web-task AI agents.",https://featherless.ai/,$25M,"Series A, $20M, April 2026",,"AMD Ventures, Airbus Ventures (co-leads), BMW i Ventures, Kickstart Ventures, Panache Ventures, Wavemaker Ventures",Serverless open-source AI inference platform (founded 2023/24); $5M seed (Mar 2025) + $20M Series A (Apr 2026).
Andy,Griffin,Strategic Account Executive,vCluster,Cloud Infrastructure & Data Centers,https://www.linkedin.com/in/andygriffin1/,"Andy Griffin is a Strategic Account Manager/Executive at vCluster (formerly Loft Labs), focused on Kubernetes for GPU, AI and HPC workloads. Based in London, he brings an enterprise software sales background with prior roles at HashiCorp, Cloudera, Moogsoft and SAP.","vCluster (vCluster Labs) builds the next-generation virtualization layer for Kubernetes: virtual, fully isolated Kubernetes 'tenant clusters' that run inside a host cluster or standalone on bare metal/VMs. Per its homepage, it gives every tenant their own CNCF-certified Kubernetes cluster with a completely virtualized, invisible control plane, delivering hyperscaler-grade isolation built for AI cloud providers, AI factories and multi-cloud Kubernetes platforms.","vCluster is building Kubernetes multi-tenancy and tenant isolation for production AI infrastructure - including products like vNode for secure bare-metal/GPU tenant isolation and Auto Nodes/Standalone for dedicated setups. It serves GPU clouds, regulated and sovereign platforms, and enterprises (used by NVIDIA, NScale and 50+ GPU clouds plus Fortune 500s), helping them provision isolated clusters fast while cutting cost and cluster sprawl.",https://www.vcluster.com/,$28.6M,"Series A $24M, Apr 2024",,"Khosla Ventures, Fusion Fund, Surface Ventures, Emergent Ventures, Berkeley SkyDeck Fund",Operated by Loft Labs; creators of open-source virtual Kubernetes clusters (vCluster).
Manesh,Patel,Head of Data Centers,Radiant,Cloud Infrastructure & Data Centers,https://www.linkedin.com/in/manesh-patel-phd-ceng-miet-b77926a5/,"Dr. Manesh Patel (PhD, CEng, MIET) is Head of Data Centres at Radiant, focused on building the physical infrastructure backbone of the AI economy. UK-based and educated at Swansea University, he writes extensively on AI factory design, efficiency (PUE/PUE+), and the land-power-connectivity bottlenecks of deploying AI infrastructure at scale.","Radiant (radiant.co) describes itself as the first fully integrated AI infrastructure platform, building and operating the 'AI Factories' behind the AI era - unifying software, power, land, capital and compute into one vertically integrated utility model. Backed by Brookfield (100B+ in deployable capital) and an NVIDIA Cloud Partner using Blackwell/Rubin GPUs, it operates a large powered-land portfolio (5 GW live, 45 GW of renewable capacity) to deploy AI compute at speed.","Radiant is building and operating data centers from 'shovel to model,' offering a full AI Cloud (inference, fine-tuning, model registry, serverless Kubernetes, high-performance storage) on its proprietary dependency-free software platform that scales from 10K to 100K+ GPUs. It serves technology giants, AI builders and nations (including sovereign solutions and strategic infrastructure), aiming to deliver below-market power costs and total infrastructure control.",https://radiant.co/,Over $400M (est. across rounds),"Series D, $300M+, Dec 2025",,"Draper Associates, Boost VC","Nuclear microreactor startup (Radiant Nuclear); $300M+ Series D closed ~6 months after Series C to fund R-50 factory in Oak Ridge, TN."
Tessy,Antony de nassau,Director of European Government Affairs,Armada,Cloud Infrastructure & Data Centers,https://en.wikipedia.org/wiki/Tessy_Antony_de_Nassau,"Tessy Antony de Nassau is European Director of Government Affairs at Armada, leading the company's government relations across Europe. A Luxembourgish businesswoman, NATO/UN peacekeeping veteran (Kosovo) and former member of Luxembourg's Grand Ducal Family, she holds an MSc in International Studies and Diplomacy and has a long career in international government affairs, humanitarian advocacy (UNAIDS Global Advocate), impact investing and entrepreneurship.","Armada is a US-headquartered (San Francisco, founded 2022) edge computing company providing modular, full-stack AI infrastructure. Its platform combines portable 'Galleon' modular data centers, the Commander operating system for managing edge deployments, and Starlink satellite connectivity, enabling customers to process data and run AI in remote or disconnected environments where conventional connectivity and power are unavailable.","Armada is building and scaling modular, megawatt-class data centers (e.g. Leviathan, and the Galleon Forge One factory in Arizona with Johnson Controls) to bring AI compute to the edge. Valued at ~$2B after a $230M Series B, it targets defense, energy and industrial customers and governments (including an MOU on the U.S. DOE's Genesis Mission and MENA expansion), with a mission to remove barriers to AI adoption and bridge the digital divide.",https://www.armada.ai/,~$457M-$500M,"Series B $230M, May 19 2026",$2B (May 2026),"Founders Fund, Lux Capital, BlackRock, Overmatch, 8090 Industries, M12 (Microsoft), Shield Capital, Johnson Controls","Edge/modular AI data-center company; Series B co-led by Overmatch, BlackRock, 8090 at $2B valuation."
Stela,Llusha,VP - Strategic Delivery and Operations Okta,Okta,Enterprise Software & SaaS,https://www.linkedin.com/in/stela-llusha/,"Stela Llusha is a VP of Delivery Enablement & Operations for the Customer Identity Cloud (Auth0) business at Okta, based in the San Francisco Bay Area, where she has also held a VP of R&D Operations role. An operations and program-management leader, she previously served as VP of Operations at Samsara and held positions at Twilio, Yahoo!, and Accenture, with degrees from UC Berkeley and Rutgers.","Okta is the self-described ""World's Identity Company,"" providing the Okta (Workforce Identity) and Auth0 (Customer Identity) platforms that secure access, authentication, and automation for human, machine, and AI agent identities. Its homepage positions identity as the foundation of business security and growth, securing Fortune 100s, governments, and major brands such as McLaren, Wyndham, Hitachi, FedEx, and Mars.","Okta is building out an identity security fabric and AI-agent governance (e.g., ""Okta for AI Agents"") to secure the full lifecycle of every identity, with a heavy current focus on securing AI and the ""agentic enterprise."" It sells workforce identity, customer identity, and identity governance to enterprises, governments, and developers seeking Zero Trust security, passwordless sign-in, fraud/bot prevention, and seamless customer experiences.",https://www.okta.com,Public company (~$229M VC pre-IPO),IPO April 2017 ($187M); ~$229M over 9 rounds pre/at IPO,Public; ~$1.2B at 2015 private round; NASDAQ:OKTA today,"Andreessen Horowitz, Sequoia Capital, Greylock Partners",NASDAQ:OKTA identity/access management firm; FY2025 revenue $2.61B; long public.
Hakan,Elmas,Head of Family Office and Board Member,Limak Datacenters Engineering and Construction and Elektromekanik,Cloud Infrastructure & Data Centers,https://www.linkedin.com/in/hakanelmas,"Hakan Elmas is Head of the Family Office and a board member associated with Turkey's Limak Group, overseeing investment and operations spanning data centers, construction, and electromechanical (elektromekanik) businesses. His background is in family-office leadership and global-macro hedge-fund management (including a prior VP - Family Office role at MV Holding), with skills across private equity, institutional investment, infrastructure, colocation, hyperscalers, and cloud.","Limak is one of Turkey's largest international conglomerates (founded 1976), with over 47,000 employees and projects in 14 countries across construction, energy, tourism, cement, infrastructure, food & beverage, and technology. Its construction arm is Turkey's second-largest international contractor, and its energy electrical & mechanical contracting unit delivers mechanical and electrical design-and-build services, while Limak Technology provides IT infrastructure, software, cybersecurity, 24/7 monitoring, and data-center-related digital solutions.","Limak is expanding into data-center, cloud infrastructure, and electromechanical engineering alongside its flagship megaprojects (Kuwait International Airport Terminal 2, FC Barcelona's Spotify Camp Nou redevelopment, airports, ports, dams, and renewable energy). It serves governments, hyperscalers, and enterprise clients through engineering, construction, energy generation/distribution, and technology services, while pursuing sustainability and social-impact goals such as its Global Engineer Girls program.",https://www.limak.com.tr,Public company / large conglomerate (~$4.1B revenue),"Conventional Debt, $831M, Feb 22 2018",,"Kuwait Finance House, National Bank of Kuwait","Part of Limak Holding, a major Turkish construction/infrastructure/energy conglomerate (founded 1976); the $831M figure was a debt raise, not equity venture funding."
Adrien,Vanheste,Cybersecurity Investor,TIN Capital,Venture Capital & Private Equity,https://www.linkedin.com/in/adrien-vanheste-ba2234173,"Adrien Vanheste is a cybersecurity investor at TIN Capital, where he works as a Venture Partner / investment-team associate sourcing and evaluating deals. He has a cybersecurity-consultant and cyber-strategy background (a finalist in the Wavestone Wavegame cybersecurity tournament and author on cyber-power for the Institut Open Diplomacy), and previously interned in the digital department of the French Ministry of Foreign Affairs.","TIN Capital is a Dutch venture capital firm founded in 1998 (originally The Informal Investors Network), and is the only Benelux-based investment firm specialized in cybersecurity, making it one of Europe's longest-running specialist cyber VCs. From offices in Amsterdam and The Hague, it invests in European cybersecurity and IoT-security startups and scale-ups, with portfolio companies including BreachLock, Eye Security, EGERIE, SignPath, EclecticIQ, and Saporo.","TIN Capital is investing its 80M-euro-plus European Cyber Tech Fund V (backed by the EIF and Invest-NL) into roughly 12 European cybersecurity scale-ups at Series A/B, targeting IoT security, privacy-enhancing tech, national & economic security tech, and cyber-liability insurtech. Its stated mission is to build European cybersecurity ""champions"" and contribute to a safer, more resilient, and more digitally autonomous Europe amid regulations like NIS2, the Cybersecurity Act, and DORA.",https://www.tincapital.vc,Venture capital firm (not a fundraising startup),European Cyber Tech Fund V; +EUR15M committed (2025),,"Invest-NL, ROM Regio Utrecht, InnovationQuarter (LPs)","Dutch VC firm founded 1998 (formerly TIIN Capital), invests in European cybersecurity/IoT; figures are fund size, not funding raised."
Michael,Borrelli,Director,AI & Partners,Artificial Intelligence & Machine Learning,https://www.linkedin.com/in/michael-charles-borrelli-6a557253/,"Michael Charles Borrelli is a Director at AI & Partners, based in London, with 10+ years of experience in financial services, compliance, and technology. He helps clients navigate the EU AI Act and AI governance, frequently speaks and publishes on AI regulation, and also serves as an IoD Finance and FinTech Ambassador and an AI 2030 Chapter Advisor.","AI & Partners is a European AI governance software firm (""AI That You Can Trust"") that provides compliance software for global AI laws, with a particular focus on the EU AI Act. Per its site, it builds an AI Governance platform that simplifies regulatory compliance so firms of all sizes can operate within an AI-enabled environment while keeping trust at the core of their business; it was co-founded and is led by CEO Sean Musch.","AI & Partners is building and selling an AI governance/compliance platform plus advisory services that map AI systems to the EU AI Act's risk-based framework (prohibited, high-risk, etc.), handle incident reporting, and enable responsible, auditable AI use. It serves enterprises subject to the EU AI Act and related AI regulation, especially in financial services, working toward making trustworthy, compliant AI adoption practical and humanity-beneficial.",https://www.ai-and-partners.com,Not disclosed,,,,"Privately held UK AI-governance/EU AI Act compliance consultancy (AI & PARTNERS LTD, Companies House 07971880); no disclosed venture funding."
Nick,Dunayskyy,Digital Growth Partner,SeoProfy.com,"Media, Press & Content",https://www.linkedin.com/in/dunayskyy/,"Nick Dunayskyy is a Digital Growth Partner at SeoProfy, positioning himself around ""ROI-first SEO for SaaS, E-commerce & Legal"" and representing the agency at industry events such as Shoptalk Europe 2026 in Barcelona. He focuses on tying organic search and AI-search visibility to pipeline and revenue, treating organic visibility as an engineering rather than a marketing problem.","SeoProfy is an ROI-driven, data-driven SEO agency founded in 2012 by Victor Karpenko, headquartered in Orlando, Florida, with 100+ specialists serving 250+ clients across 45 countries and 15 languages. Its homepage frames it as a strategic SEO partner that turns organic search into a predictable revenue channel, backed by proprietary in-house tools (SearchAnalytics and LinkChecker) and 13+ years of international SEO experience.","SeoProfy sells SEO services including technical SEO, keyword research, content, on-page/off-page SEO, link building, local SEO, site recovery, and managed SEO, plus a growing AI-search offering (AI SEO/AEO, generative engine optimization, ChatGPT SEO). It targets ecommerce, SaaS, and legal clients and is working toward helping brands stay visible across Google and AI/answer engines as generative AI reshapes product discovery, with measurable organic revenue as the core use case.",https://www.seoprofy.com,Not disclosed,,,,"Bootstrapped SEO/digital marketing agency (Orlando, FL); no VC funding reported, services from ~$1,600/mo."
Orme,de Saint Hilaire,GTM Director Europe,SambaNova,Cloud Infrastructure & Data Centers,https://www.linkedin.com/in/orme-de-saint-hilaire-b1b76052/,"Orme de Saint Hilaire is Director, GTM Europe at SambaNova Systems (since May 2025), based in London and focused on growing the company's enterprise AI business across EMEA. He has spent roughly a decade helping US tech companies establish in EMEA, including sales leadership roles at DataStax, DataRobot and Trifacta, and earlier founded an award-winning tech startup while studying at Trinity College Dublin.","SambaNova is an AI hardware and inference company whose homepage positions it as 'the fastest AI inference platform,' delivering high-performance inference, fine-tuning and scalable solutions for agentic AI that integrate into existing data center infrastructure. Its technology centers on purpose-built RDU (Reconfigurable Dataflow Unit) AI chips with a three-tier memory and dataflow architecture, including its fifth-generation SN50 chip, designed for fast, energy-efficient inference on large models.","SambaNova is building a full chips-to-model stack (SN40/SN50 RDUs, SambaRack, SambaStack, SambaCloud and OpenAI-compatible APIs) optimized for fast, low-power agentic inference and the ability to run and switch between many frontier open-source models (DeepSeek, Llama, gpt-oss, MiniMax) on a single node. It is pushing 'premium inference' for AI agents and a network of sovereign-AI data center partners worldwide, serving enterprises, governments and research labs that need high-throughput, energy-efficient AI within their own borders.",https://sambanova.ai/,>$1.1B (over $1B as of Series D),"Series D, $676M, April 2021",>$5B (post Series D),"SoftBank Vision Fund 2, Temasek, GIC, BlackRock, Intel Capital, GV, Walden International, WRVI",AI chip/systems startup; Series D made it the best-funded AI systems startup at the time.
Nithin,Thomas,CEO,Klarytee,Cybersecurity,https://www.linkedin.com/in/nithinthomas,"Dr. Nithin Thomas is the founder and CEO of Klarytee, a London-based data-security startup he founded in 2021. A serial entrepreneur with over a decade in the security industry (he previously founded SQR Systems and won the Shell LiveWIRE 2012 Innovation Award), he positions Klarytee as a SaaS platform that builds security directly into sensitive content so control follows the data wherever it goes.","Klarytee is a British, patent-based 'data-centric governance platform' that gives organisations sovereign control over their data with visibility, protection and control for AI and beyond. Rather than securing the perimeter, it embeds protection and policy into the data fragment itself via selective fragment encryption, cryptographically binding access and usage policies to the data so control persists across vendors, AI pipelines (including RAG) and downstream environments.","Klarytee is building fine-grained fragment encryption, data discovery/cataloguing, and continuous data intelligence designed for crypto agility and post-quantum readiness (aligned with NCSC and NIST), governing access for both human users and AI agents on a strict need-to-know basis. Backed by a 700K pre-seed round (Concept Ventures and notable angels) and working with enterprise/government design partners, it targets organisations handling highly sensitive information - investment banking deal teams, regulated enterprises and government - that want to use AI and cloud without losing control of their data.",https://klarytee.com,~£700K (~$900K),"Pre-Seed, £700K, Dec 2023",~$10.6M (Dec 2023),"Concept Ventures, Michael Coates (ex-Twitter CISO), Evelyn Bourke (ex-Bupa CEO), founders of Digital Shadows",London-based data-centric security (encryption) SaaS startup founded 2021 by Nithin Thomas.
Jean-Luc,Vuattoux,Founder & CEO,Lexyra AI,Cybersecurity,https://linkedin.com/in/jlvuattoux,"Jean-Luc Vuattoux, PhD, is the founder of Lexyra AI (since Sep 2025), based in Lausanne, Switzerland, building what he calls 'the trust layer for PDFs in agentic AI systems.' A deep-tech entrepreneur with 20+ years in complex document analysis and industrial data processing, he co-founded Eranea (acquired by LzLabs), led engineering teams of up to 45 people, worked as a software architect at AWS on the Mainframe Modernization Application Testing service, and is co-author of five patents.","Lexyra AI is a cybersecurity/document-intelligence company that analyzes PDFs at the rendering layer to detect hidden text and images before they reach AI agents. Its homepage frames PDFs as 'an unguarded attack surface for agentic AI,' where hidden layers, white-on-white text, microscopic fonts and off-page elements can slip past conventional parsers and guardrails to trigger indirect prompt injection, data leakage or hijacked autonomous workflows.","Lexyra is building a rendering-aware trust layer (delivered as REST API, MCP server, CLI, and cloud SaaS or on-premise) that maps 20+ PDF concealment techniques, scores risk, and quarantines or approves documents both on ingestion and on the way out to prevent propagation and covert exfiltration. Its deep-extraction engine also rebuilds complex document structure, hierarchy, links and multi-page tables into clean, AI-ready data for RAG pipelines and enterprise workflows; the MVP is in selected demos as the company opens discussions with design partners and investors.",https://www.lexyra.ai/,Unknown,,,,"No direct match found; search surfaced many similarly-named legal-AI firms (Lexic.ai, Lexi, Lexion, Lexroom.ai) but none confirmed as 'Lexyra AI'."
Yuriy,Sheyko,Co-Head of Investments,Acquinox Capital,Venture Capital & Private Equity,https://www.linkedin.com/in/yuriysheyko/,"Yuriy Sheyko leads investments at Acquinox Capital, where he was brought on to develop the firm's direct private equity activity (the firm's site lists him as Investment Manager; the conference lists him as Co-Head of Investments). Based in Luxembourg, his background spans private markets and capital-markets work, including involvement with Baltic Partners and the launch of a 50M+ Baltic Capital Markets Acceleration Fund.","Acquinox Capital, founded in 2023 and based in Luxembourg/Switzerland, is a technology-focused private equity and advisory firm that empowers investors to access market leaders through curated private investing. It backs 'Next-Gen Industries' across Europe and North America, combining deep sector expertise with rigorous due diligence to source, support and scale tech-driven companies, and also runs a closed-end venture capital fund focused on mobile-first startups at late-seed and Series A stages.","Acquinox partners with companies across the full growth spectrum - from early commercialization to pre-IPO maturity - offering not just capital but strategic value-add, and has gained exposure to high-profile names such as Epic Games and xAI. Its thematic focus targets scalable technologies positioned to reshape global industries, serving private-capital investors seeking curated, tech-driven private-market opportunities; it published a 'Discovering Next-Gen Industries' whitepaper articulating this deep-tech investment thesis.",https://acquinox.capital/,Not disclosed,,,,"Luxembourg/Zurich private-equity & VC firm (founded 2023); it is an investor (closed-end VC fund), fund size not publicly disclosed."
Daniel,Beerstecher,VP,MGX,Artificial Intelligence & Machine Learning,https://www.linkedin.com/in/danielbeerstecher/,"Daniel Beerstecher is a VP at MGX, the Abu Dhabi technology investment firm, based in the Abu Dhabi Emirate. His investment background includes roles as an Associate at Hg Capital and prior experience at Sun Capital and Morgan Stanley, and he is a graduate of ESADE Business & Law School.","MGX is an Abu Dhabi-based global technology investment company launched in 2024 by sovereign wealth fund Mubadala and AI firm G42, chaired by Sheikh Tahnoon bin Zayed Al Nahyan. Built specifically for the AI era, it invests across the entire AI value chain - AI infrastructure (data centers and connectivity), semiconductors, and AI core technologies, models and applications - and has positioned itself less like a traditional Gulf sovereign fund and more like a global asset manager that raises and invests outside capital.","MGX is deploying capital at massive scale (it closed a fund of nearly $50B in 2026 and targets $100B+ in AUM), having taken stakes in OpenAI, Anthropic and xAI, co-led major AI rounds, and backed infrastructure vehicles alongside BlackRock, Microsoft and Nvidia (including a $30B data-center fund) plus projects like Europe's largest AI campus in France. Its goal is to accelerate the development and adoption of AI and advanced technologies globally while cementing Abu Dhabi as a leading hub, serving as a partner/co-investor to frontier AI model companies, chipmakers and data-center operators worldwide.",https://www.mgx.ae/en,Government body / sovereign-backed fund (~$50B fund raised; targeting $100B AUM),"~$50B fund close, Jun 2026",,"Mubadala, G42 (founding partners); regional sovereign wealth funds, global pension/institutional investors","Abu Dhabi state-owned AI investment firm (est. 2024); an investor itself - backs OpenAI, Anthropic, xAI."
Russ,Vetrano,Co-Founder,AIxBlock,Cloud Infrastructure & Data Centers,https://www.linkedin.com/in/russvetrano/,"Russ Vetrano is an accomplished global sales executive (Clarkson University, Computer Science/Math) based in the Raleigh-Durham area, associated with AIxBlock as a co-founder/go-to-market leader. His career spans enterprise sales and revenue leadership roles at AI and GPU-compute companies including Exabits.ai, ElectrifAi and Defined.ai, where he focused on AI data, models and GPU compute strategy. He is a frequent voice on GPU compute and AI infrastructure at industry events such as SuperAI.","AIxBlock (aixblock.io) is an enterprise AI training-data company that supplies voice, audio and text training data at scale for speech AI and large language models, across 100+ languages with a global crowd of professionals. The company has 7+ years of experience delivering large-scale data projects for Fortune 100 firms and unicorns such as Oracle, AWS, Apple, Uber and Uniphore, and is backed by the EU Innovation Program (ISO 27001 / SOC 2). It also operates a self-hosted AI development platform so clients can connect their own storage and keep full data sovereignty.","AIxBlock is building end-to-end training-data services (speech collection/transcription, sound/environment audio, RLHF and LLM fine-tuning datasets, and an off-the-shelf call-center audio library) plus a self-hosted platform with a data engine, training and GPU marketplace. It is working toward being a privacy-first, sovereignty-focused data infrastructure partner for regulated sectors like banking, healthcare and government, differentiating on never retaining client data. Target customers are foundation-model labs and enterprise AI/product teams needing multilingual, production-grade data.",https://aixblock.io/,~$1.5M-$2.25M (EUR1.5M EU grant secured),"Grant, EUR1.5M (~$1.6M), Aug 4-5 2025",Not disclosed,European Union (Smart&Start Italia / Invitalia grant),"Delaware-based decentralized AI startup; EUR1.5M EU grant secured plus up to EUR61.5M pre-approved (non-dilutive, under review)."
Saad,EL BABIDI,Head of AI research,SPIE,Artificial Intelligence & Machine Learning,https://fr.linkedin.com/in/saad-el-babidi,"Saad EL BABIDI is a France-based engineer/consultant who graduated from Centrale Lille (also Ecole polytechnique de Bruxelles and Vrije Universiteit Brussel) with a multidisciplinary background spanning strategy consulting (McKinsey), supply chain, urban mobility (MOBI Electromobility Research Centre), construction and AI (Danone). He works at the intersection of AI, data and strategy, with a strong interest in transport systems and applied AI. (Note: his public profile centers on mobility/consulting/research; his specific 'Head of AI research' role at SPIE could not be independently confirmed from public sources.)","SPIE (spie.com) is the independent European leader in multi-technical services in the fields of energy and communications, with around 55,000 employees. The group designs, builds, operates and maintains energy-efficient, environmentally friendly facilities, and supports customers through the energy, digital and industrial transitions. It operates across four strategic markets: Smart City, E-fficient Buildings, Industry Services and Energies.","SPIE is working to enable a post-carbon society, positioning itself as a key player in decarbonisation, the sustainable transformation of cities and territories, the digitalisation of services and the shift to Industry 4.0. It is increasingly deploying generative AI internally (e.g. an 'AI for all' tool at SPIE ICS) to support engineering and operations. Its customers are industrial, public-sector and infrastructure operators across Europe needing electrical, mechanical, ICT, facility-management and transmission/distribution services.",https://www.spie.com/en,Public company,,,Bpifrance (Lac1 fund holds ~5%); historically PAI Partners,"SPIE SA is publicly listed (Euronext Paris); European leader in multi-technical services with ~EUR 8.7B revenue (2023), not venture-funded."
Alex,Presani,Head of Techology and R&D,AgorAI,Artificial Intelligence & Machine Learning,https://www.linkedin.com/in/epresani/,"Alex Presani is a technology leader who joined AgorAI (the Trieste-based AgorAI Innovation Hub) as Head of Technology and R&D, returning to the city where he grew up. A proud American, he spent roughly twenty years working abroad across Amsterdam, Geneva and New York, and lectures on AI as a geostrategic choice (e.g. at Politecnico di Milano's Executive Master in AI). He frames AI around concrete applications, ecosystems over silos, and ethics-by-design.","AgorAI Innovation Hub S.p.A. (agorai.it) is a Trieste, Italy-based applied- and basic-research center for data science and advanced AI, launched in 2025 and housed in the historic Palazzo Carciotti. It is a public-private ecosystem backed by partners including the Friuli Venezia Giulia region, Generali, Banca Generali, illycaffè and Fincantieri, in collaboration with Goldman Sachs, Deloitte, Google Cloud and research institutions such as SISSA, ICTP, IIT, MIB Trieste and the universities of Trieste and Udine. Its tagline is 'Where Innovation Serves Humanity'.","AgorAI aims to become a leading European hub for applied and frontier AI research, training and startup development - a 'European path to AI' focused on real-world, production-grade systems for industrial and regulated environments with a human-centered, ethics-by-design approach. Its research focuses on health and well-being, regenerative agriculture and food systems, mobility and transport, and finance and capital markets, with Google Cloud providing infrastructure and early access to models like Gemini. It is building a founding technical team (AI Architect, Physical AI and Trustworthy AI research engineers) to serve partner industries and the broader regional innovation economy.",https://www.agorai.it,~$53K (disclosed); pre-seed,"Pre-seed, Aug/Sep 2019",,"Fort Schuyler Ventures, Innova Capital Partners, AI Capital","NY-based AI/data-marketplace startup (founded 2017, CEO Josh Sutton); minimal disclosed funding. Not to be confused with real-estate 'Agora' ($64M raised)."
Srinath Reddy,Ganta,Founder & CEO,Deepannotate.ai,Artificial Intelligence & Machine Learning,https://www.linkedin.com/in/srinathreddy-g,"Srinath Reddy Ganta (Ganta Srinath Reddy) is a Hyderabad-based founder and CEO who built DeepAnnotate.ai, an AI data-annotation startup incubated at T-Hub. He holds a Master of Engineering in Computer Science from University College of Engineering, Osmania, and has a background spanning innovation and public-systems advisory roles (Centre for Innovations in Public Systems, T-Hub Kickstart) and education-focused ventures (founder of 'TheAISCHOOL', which he presented at AIJ 2025 in Moscow). He is an active member of Hyderabad's startup and AI-skilling ecosystem.","DeepAnnotate.ai (deepannotate.ai), based at T-Hub 2.0 in Hyderabad, is an enterprise AI data-annotation and human-data generation company positioned as 'the data partner built for serious AI.' It provides diversified human intelligence for multimodal and physical AI systems, with 50k+ human resources, 24/7 operations across three global sites, and a stated 99.8% QA accuracy. It is trusted by teams from Google AI and Uber AI and offers a guaranteed 3-day/5-business-day pilot.","DeepAnnotate.ai is building human data and evaluation pipelines across modalities - emotional voice data, physical/egocentric and teleoperation data, image and text (NER, sentiment, intent, document parsing), video annotation, 3D/LiDAR point clouds, and RLHF/LLM alignment - delivered via a structured brief-to-production pipeline. The company is working toward helping teams ship better agentic, multimodal and frontier AI faster with precision-labeled training data at scale. Its customers are Fortune 500 enterprises and AI startups building computer vision, autonomous systems, speech and LLM/agentic models.",https://deepannotate.ai,Unknown,,,,"No funding data found for Deepannotate.ai specifically; searches surfaced unrelated AI-data firms (SuperAnnotate, Deep Cognition), suggesting it is likely early-stage/unfunded or undisclosed."
Jennifer,Vannoy,NeoCloud Global Client Executive,NetApp,Cloud Infrastructure & Data Centers,https://www.linkedin.com/in/jennifer-v-b631404/,"Jennifer Vannoy is a Global Client Executive for NeoCloud at NetApp, based in the Dallas-Fort Worth metroplex (educated at University of Missouri-Saint Louis). She manages and grows top-tier enterprise accounts, focusing on AI, cloud and enterprise data-infrastructure initiatives and building strong customer and partner relationships. She holds DeepLearning.AI certification and MEDDICC & Challenger sales certifications.","NetApp (netapp.com) is an intelligent data-infrastructure company and, by its own description, the first name in data storage for over 30 years. It is the only enterprise-grade storage service embedded into the major public clouds, offering unified data storage across any data, workload and environment (on-premises systems like AFF/AFX/FAS, object/block storage, and cloud storage on AWS, Azure and Google Cloud). It pairs storage with data services for AI, security/cyber resilience, cloud workload management, governance and mobility.","NetApp's strategy centers on 'Intelligent Data Infrastructure' - an enterprise-grade data platform built to fuel AI factories and move customers out of AI proof-of-concept purgatory, with products like NetApp AFX (disaggregated storage for enterprise AI) and the AI Data Engine (real-time curation, vectorization and semantic search). It is working toward simplifying complex infrastructure, optimizing cloud, accelerating AI outcomes and fortifying security across hybrid/multi-cloud. Its NeoCloud focus serves AI/cloud service providers and large enterprises (customers include NVIDIA, DreamWorks, Porsche Motorsport and S&P Global) needing scalable data platforms for AI.",https://www.netapp.com/,Public company,,"Public (NASDAQ: NTAP, S&P 500)",,"Publicly traded data-storage company (NASDAQ: NTAP); founded 1992, multi-billion-dollar revenue."
Anton,Vnukov,Head of Digital Growth,SeoProfy,"Media, Press & Content",https://www.linkedin.com/in/antonvnukov/,"Anton Vnukov is Head of Digital Growth at SeoProfy (since April 2025), where he owns the new-business pipeline across Europe, the US and Canada and leads the sales team, having rebuilt qualification and outbound systems (Pipedrive, Clay, n8n, LinkedIn/HeyReach). He brings 25+ years of B2B sales leadership, previously serving as Head of Sales Europe at BAS-IP and Regional Sales Director at Ajax Systems, plus fractional GTM/revenue advisory work for tech and security startups.","SeoProfy is a data-driven, ROI-focused SEO and digital marketing agency founded in 2012 by Victor Karpenko, headquartered in Orlando, Florida with roots in Kyiv, Ukraine. It is built around revenue (not vanity metrics), running a four-step process of niche research, technical and content SEO, link building and weekly sprint reviews, backed by 100+ specialists and proprietary tools like SearchAnalytics.ai.","SeoProfy is building organic-search and AI-search (GEO/LLM-citation) programs that turn traffic into pipeline and revenue, expanding beyond classic SEO into AI SEO services, digital PR, CRO and content. It serves B2B SaaS, eCommerce, legal, healthcare, enterprise and iGaming clients across 45+ countries and 12 languages, positioning to help brands stay visible as discovery shifts to ChatGPT, Perplexity and AI Overviews.",https://seoprofy.com/,Not disclosed,,,,"Bootstrapped SEO/digital marketing agency (founded 2012, Miami); ~$14.3M est. annual revenue, no disclosed VC funding."
Rene,van Oosten,"Regional Sales Director, EMEA",SambaNova,Cloud Infrastructure & Data Centers,https://www.linkedin.com/in/rvoosten19690211,"Rene van Oosten is Regional Sales Director Europe at SambaNova (since March 2026), selling fast AI inference infrastructure across EMEA, and is also co-founder of GTM advisory firm Van Oosten Group in Malaga. He has 30+ years of enterprise IT sales and sales-leadership experience, most recently as Regional Director Europe at AI-inference chipmaker Groq and EMEA director for cyber-risk firm Squalify, with a track record of strong revenue growth across startups and large IT companies.","SambaNova Systems is a full-stack AI platform and custom-silicon company founded in 2017 in Palo Alto, building purpose-built AI chips on a Reconfigurable Dataflow Unit (RDU) architecture as an alternative to GPUs. Its homepage positions it around premium AI inference, offering the SN50 fifth-generation RDU chip, SambaRack systems, the SambaStack chips-to-model platform and SambaCloud for fast inference on open-source models like DeepSeek, Llama, gpt-oss and MiniMax.","SambaNova is building the fastest, most energy-efficient inference stack for agentic AI, maximizing tokens-per-watt and enabling multiple frontier-scale models to run on a single node, integrated into existing data centers. It targets enterprises, government and sovereign-AI data center partners worldwide (Australia, Europe, UK), and is pushing disaggregated GPU+RDU inference for AI agents while pursuing premium-inference deployments.",https://sambanova.ai/,>$1.1B (over $1B as of Series D),"Series D, $676M, April 2021",>$5B (post Series D),"SoftBank Vision Fund 2, Temasek, GIC, BlackRock, Intel Capital, GV, Walden International, WRVI",AI chip/systems startup; Series D made it the best-funded AI systems startup at the time.
Jong Hae,Choi,Data Center Development,Incheon International Airport Corporation,Government & Public Sector,https://www.linkedin.com/in/nangli8354,"Jong Hae Choi, Ph.D. works in data center / business development at Incheon International Airport Corporation (IIAC) and has helped lead the airport's Airport AI Alliance (AAA) engagement, including hosting the AAA Leadership Forum in Incheon (June 2026). He also serves as an adjunct professor teaching Air Freight Logistics at Inha University's Graduate School of Logistics, and is active in air-cargo and aviation-AI circles, having published research on airport commercial revenue and big-data-driven gate allocation.","Incheon International Airport Corporation (IIAC) is a South Korean government-owned enterprise founded in 1999 that constructs, manages, operates and maintains Incheon International Airport (ICN), the primary gateway for the Seoul capital area and one of the world's busiest airports. Beyond running the airport, it develops surrounding areas and provides airport construction/operation consulting and overseas airport projects.","IIAC is expanding hub capacity (the Phase 4 expansion, record passenger throughput) while pursuing international growth as an airport investor and operator across projects in Poland (CPK), Indonesia, Kuwait and beyond. It is investing heavily in smart-airport and AI-driven innovation, including data center development and Airport AI Alliance membership, serving passengers, airlines, cargo operators and global airport partners.",https://www.airport.kr/,Government body,,,,State-owned South Korean government agency (founded 1999) operating Incheon International Airport; not venture-funded.
Sajan,Khosa,Founder,Liquid Energy,Cloud Infrastructure & Data Centers,,"Sajan Khosa is a founder/operator of Liquid Energy, the AI data center company (listed as Chief Operating Officer on the company's own team page, alongside CEO Sid Ravikumar and President Arsh Sekhon). He helps lead the Kitchener, Ontario-based startup's compute operations and go-to-market for its modular, liquid- and air-cooled AI infrastructure.","Liquid Energy is a US- and Canada-based data center operator (founded 2023, headquartered in Kitchener, Ontario) that develops turnkey green data centers with advanced AI infrastructure. Its homepage frames it as building 'the gigafactory for AI compute,' using a proprietary thermal/cooling stack, factory-built modular MW compute blocks and grid-ready siting beside solar, wind and natural-gas power to deploy high-density GPU clusters in weeks rather than years.","Liquid Energy is building rapidly deployable, infinitely scalable, low-cost AI compute, claiming up to 85% lower cooling costs, zero water consumption and ~60% lower data center build-out capex via its proprietary thermal management. It targets AI developers, hyperscale operators and enterprises needing GPU capacity, distributing via direct commitments, brokers and compute marketplaces with SLA-backed 24/7 operations.",https://www.liquidenergy.world/,Not disclosed,,,"Velocity Incubator, F4 Fund (early backers)","Cleantech/AI-compute startup (Toronto/Kitchener & SF, founded late 2023) building modular liquid-cooled GPU datacenters; no funding amount disclosed. Many unrelated 'Liquid Energy' entities exist (LNG, pipelines)."
Meredith,Maines,Chief Marketing Officer,TRIEDGE INVESTMENTS,Venture Capital & Private Equity,,"Meredith Maines is listed as Chief Marketing Officer at TRIEDGE Investments. Note: public sources do not confirm this specific role and TRIEDGE's own team page does not list a CMO by this name; the most prominent public Meredith (Kendall) Maines is a Stanford-educated marketing/communications leader (ex-Hulu, ex-Google, former first Marketing Partner at Lightspeed Venture Partners, later Chief Communications Officer for the Duke and Duchess of Sussex/Archewell), so the LinkedIn match is left blank to avoid misattribution.","TRIEDGE Investments is a New York City-based single-family office founded in 2024 by CEO Simcha Hyman (who previously led the Portopiccolo Group), with offices in New York and Tel Aviv and roughly 38 employees. Per its homepage, it is focused on building enduring value across healthcare, financial services, cybersecurity, defense technology and beyond, taking a multi-strategy approach spanning private equity, venture capital, real estate and company incubation.","TRIEDGE positions itself as both investor and builder, aiming to be a leading value investor in private healthcare and technology-enabled platforms, recently leading a $52M seed round in healthcare-AI startup Arbiter and a $50M round in private-markets startup Hypha. It partners with founders across stages and verticals, and pairs commercial investing with impact/philanthropy focused on mental health, education, and combating poverty and antisemitism.",https://www.triedgeinvestments.com/,Not disclosed,,,,Multi-strategy family office (founded 2024 by Simcha Hyman; NYC & Tel Aviv); it deploys capital (e.g. Arbiter's $52M seed) rather than raising it.
